﻿Designator,Footprint,Quantity,Value,LCSC Part #
BT1,AMASS_XT30PW-M_1x02_P2.50mm_Horizontal,1,XT30,
"C1, C2",0603,2,22u,
C10,0603,1,10pF,
C11,0603,1,0.1 uF,
C3,0603,1,10u,
C4,0603,1,1u,
C5,0603,1,0.1u,
C6,0603,1,4.7n,
C7,0603,1,20uF,
C9,0603,1,66uF,
"D1, D2, D3, D4, D5, D6, D7",0805,7,LED,
"D8, D9",D_SOD-123,2,D_Schottky,
"H1, H2, H3, H4",MountingHole_2.7mm_M2.5,4,M2.5,
J1,JST_EH_S4B-EH_1x04_P2.50mm_Horizontal,1,Conn_01x04_Pin,
J10,USB_C_Receptacle_HRO_TYPE-C-31-M-12,1,USB_C_Receptacle_USB2.0,
"J11, J12, J13, J14",JST_EH_S2B-EH_1x02_P2.50mm_Horizontal,4,Conn_01x02_Pin,
J2,IDC-Header_2x03_P2.54mm_Vertical,1,Conn_02x03_Odd_Even,
J3,JST_EH_B4B-EH-A_1x04_P2.50mm_Vertical,1,Conn_01x04_Pin,
L1,0805,1,1 uH,
"R1, R2",0603,2,22,
"R10, R11, R12, R3, R4, R7",0603,6,320,
"R13, R14",0603,2,5.1K,
"R15, R5",0603,2,1M,
R16,0603,1,330,
R6,0603,1,111k,
"R8, R9",0603,2,60,
U1,ESP32-S3-WROOM-1,1,ESP32-S3-WROOM-1,
U2,SOIC-8_3.9x4.9mm_P1.27mm,1,SN65HVD233,
U3,Texas_S-PWSON-N10_ThermalVias,1,TPS63060,
U7,SOT-223-3_TabPin2,1,MCP1825S,
