﻿Designator,Footprint,Quantity,Value,LCSC Part #
BT1,AMASS_XT30U-F_1x02_P5.0mm_Vertical,1,XT30,
C1,0603,1,1uF,
C10,0603,1,47uF,
C11,0603,1,47nF,
C12,0603,1,4.7uF,
"C13, C14, C18, C3, C8, C9",0603,6,10uF,
C15,0603,1,100nF,
"C16, C17",0603,2,22uF,
C2,0603,1,0.1u,
C4,0603,1,1u,
C5,0603,1,10u,
C6,0603,1,4.7n,
"D1, D10, D3, D4, D5, D6",0805,6,LED,
D8,DIOM4336X265N,1,SMBJ5.0A,
"H1, H2, H3, H4",MountingHole_2.7mm_M2.5,4,M2.5,
J1,PinSocket_2x04_P2.54mm_Vertical,1,Conn_02x04_Odd_Even,
"J2, J7",JST_XH_B4B-XH-A_1x04_P2.50mm_Vertical,2,Conn_01x04_Pin,
J3,CUI_UJ20-C-H-C-4-SMT-TR,1,UJ20-C-H-C-4-SMT-TR,
"J5, J6",JST_XH_B2B-XH-A_1x02_P2.50mm_Vertical,2,Conn_01x02_Pin,
L1,0805,1,2.2uH,
"L2, L3",0603,2,0.47uH,
"R1, R11, R14, R15, R16, R17, R18, R2",0603,8,10k,
"R10, R7, R8, R9",0603,4,320,
"R12, R22",0603,2,5.1K,
"R13, R20",0603,2,330,
R19,0603,1,280,
R21,0603,1,511k,
R24,0603,1,5.23k,
"R25, R29",0603,2,91k,
"R26, R27",0603,2,100k,
R28,0603,1,806k,
"R5, R6",0603,2,60,
RT1,103AT-2,1,103AT-2,
"SW1, SW2, SW3",PinHeader_1x02_P2.54mm_Vertical,3,SW_Push,
U1,SOT-23-6,1,USBLC6-2SC6,
U2,ESP32-S3-WROOM-1,1,ESP32-S3-WROOM-1,
U3,SOIC-8_3.9x4.9mm_P1.27mm,1,SN65HVD233,
U4,Texas_RTW_WQFN-24-1EP_4x4mm_P0.5mm_EP2.7x2.7mm_ThermalVias,1,BQ25895RTW,
"U5, U6",VREG_TPS63802DLAR,2,TPS63802DLAR,
